1,-Gailu,,1997,Andoain (Gipuzkoa),"['Rocka', 'Elektronikoa']",https://www.badok.eus/euskal-musika/gailu,Q117352275
2,121 Krew,"Euskal rap eszenaren talde beteranoenetakoa da 121 Krew. Barakaldo (Bizkaia) eta Bilbokoak dira taldekideak: Endika Lahaine (MC), Lamá (MC), Hawa (beatmakerra), Rufoh (beatboxerra, MC), Maisha (MC, beatmakerra) eta David Nanclares (gitarrista, beatmakerra). Taldea 2016an desegin zen.",2000 - 2016,"Barakaldo, Bilbo",['Rapa'],https://www.badok.eus/euskal-musika/121-krew,Q12252420
3,2 Kate,,1997 - 2000,Zarautz (Gipuzkoa),"['Elektronikoa', 'Industriala']",https://www.badok.eus/euskal-musika/2-kate,Q117352415
4,2 Princeses Barbudes,,,Herrialde Katalanak,['Popa'],https://www.badok.eus/euskal-musika/2%20Princeses%20Barbudes,Q117352455
6,2zio,,2012,Urruña (Lapurdi),['Rapa'],https://www.badok.eus/euskal-musika/2zio,Q25474648
7,30%,,,Andoain (Gipuzkoa),['Hardcorea'],https://www.badok.eus/euskal-musika/30,Q11187554
8,4 Itzal,,2001 - 2004,,['Rocka'],https://www.badok.eus/euskal-musika/4-itzal,Q12252671
10,6nemen9,,1992 - 1998,Elgoibar (Gipuzkoa),"['Popa', 'Rocka']",https://www.badok.eus/euskal-musika/6nemen9,Q31188101
11,Ødei,"2zio taldearekin hiru disko kaleratu eta taldea desegin ondoren, bere bakarkako ibilbideari ekin dio raperoak. Lan berri honek ez du batere aitzinetik plazaratutako lanen kutsurik, trap eta drill erritmika eta soinu-estetika berriarekin dator. Rapero soil izatetik bere buruarentzako musika ekoizle izatera pasa da ØDEI eta berak eta Jo Olaskuagak osatzen duten Alkimia Prod-enak dira diskoan dauden musika ekoizpen guztiak.",1988,Urruña (Lapurdi),['Rapa'],https://www.badok.eus/euskal-musika/odei,Q54823844
12,Üther,,,Ondarroa (Bizkaia),['Hardcorea'],https://www.badok.eus/euskal-musika/uther,Q97207345
15,Abaunz,"Xabier Bastida Uzinen elektronika proiektua da Abaunz. Bere lehen diskoa, ‘Ilunpean arnas hotsa entzuten’, New Yorkeko Jollies zigiluak kaleratu du.",1981,Azkoitia (Gipuzkoa),"['Elektronikoa', 'Esperimentala']",https://www.badok.eus/euskal-musika/abaunz,Q435410
16,Abereh,"Erik Berganzak bakarka aritzeko aukeratu duen ezizena da Abereh. 2016-2017 urteetan egindako zazpi kantuk osatzen dute bere lehen diskoa. Zarata eta burrunbatik aldenduta baina distortsioa guztiz baztertu gabe, rock edo grunge akustikoa jorratu du Berganzak. Bere hitzetan, “J Mascis, Lou Barlow, Kurt Vile, Califone, David Bazan, Jeremy Enigk, Brian Fallon, Chuck Ragan, Dinosaur Jr, Husker Dü
 dezente entzun ondoren argia ikusi duten kantuak dira”.",1989,Balmaseda (Bizkaia),['Rocka'],https://www.badok.eus/euskal-musika/abereh,Q37804669
18,Acto Messie,,,Hondarribia (Gipuzkoa),['Rapa'],https://www.badok.eus/euskal-musika/acto-messie,Q85966634
20,Addar,"Bizkaiko laukoteak Eskandinaviako rock-and-rollaren kutsuko abestiak bildu ditu bere lehen disko laburrean. Hitzei dagokienez, zekenkeria, egozentrismoa, pasioa, beldurra nahiz itxaropena bezalako gaiak ditu ardatz.",2018,Bermeo (Bizkaia),"['Rocka', 'Rock&rolla']",https://www.badok.eus/euskal-musika/addar,Q5523693
21,Adi Holden,"Ama Say taldearen kantu batetik hartu zuten izena Adi Holdenekoek. Lau kideetatik hiruk Cool Panic punk-rock taldean jotzen zuten, baina Adi Holdenekin pop-rock, noise eta post-rock doinuetara jo zuten. 2008an Debagoienako talde onenaren saria irabazi zuten Danbaka Lehiaketan, eta horren ondorioz lehen diskoa, eta bakarra, argitaratu zuten 2010. urtean.",2007,Bergara (Gipuzkoa),['Rocka'],https://www.badok.eus/euskal-musika/adi-holden,Q31188068
22,Adi!,,2016 - 2021,Tolosa (Gipuzkoa),['Jazz-rocka'],https://www.badok.eus/euskal-musika/adi,Q61362727
23,Adikune,,2002,Donostia,['Post-hardcorea'],https://www.badok.eus/euskal-musika/adikune,Q12252789
24,Ados,,2002,Iruñea,"['Popa', 'Elektronikoa', 'Dance']",https://www.badok.eus/euskal-musika/ados,Q31189065
25,Adrenalized,,,,"['Hardcorea', 'Punka']",https://www.badok.eus/euskal-musika/adrenalized,Q61361424
26,Adrian Perez,,1960,Donostia,['Kantautorea'],https://www.badok.eus/euskal-musika/adrian-perez,Q40886356
27,Afrika Bibang,,1975,Getxo (Bizkaia),['Soula'],https://www.badok.eus/euskal-musika/afrika,Q12252830
28,Afu,,2007,Barañain (Nafarroa),"['Rocka', 'Reggaea']",https://www.badok.eus/euskal-musika/afu,Q45695186
29,Agara,,,Bera (Nafarroa),['Rocka'],https://www.badok.eus/euskal-musika/agara,Q13482084
30,Agian,,,"Laudio (Araba), Basauri, Galdakao (Bizkaia)","['Metala', 'Rocka']",https://www.badok.eus/euskal-musika/agian,Q159967
32,Agur,,2022,,['Rocka'],https://www.badok.eus/euskal-musika/agur,Q30348290
34,Aguxtin Alkhat,,1982,Armendaritze (Nafarroa Beherea),['Pop-rocka'],https://www.badok.eus/euskal-musika/aguxtin-alkhat,Q61117315
38,Ain_1,"Musika eta poesia irakurtaldi bat eskaintzeko asmoz sortu zen Ain_1 Arrasaten (Gipuzkoa), baina musika tresna eta partaide berriak sartuz ahala hazten joan da dantza, ikus-entzunezko baliabide eta agertoki bakoitzaren araberako elementuekin osatutako egitasmoa. Maialen Madariaga, Ainara Kortabarria, Itxaso Nabaridas, Iraitz Agirre eta Amaia Pavon dira taldekideak. Doinu malenkoniatsuek, berbaren garrantziak eta dantzaren adierazkortasunak emankizun ezberdin bat osatzen dute, leku goxo eta txikietan antzezteko egokia.",2007,,"['Folka', 'Popa']",https://www.badok.eus/euskal-musika/ain_1,Q31188015
39,Ainara Legardon,,,Bilbo,"['Rocka', 'Esperimentala']",https://www.badok.eus/euskal-musika/ainara-legardon,Q12252922
40,Ainara Ortega,,1981,Hernani (Gipuzkoa),['Jazza'],https://www.badok.eus/euskal-musika/ainara-ortega,Q61433627
42,Ainhoa Larrañaga,,2000,Hernani (Gipuzkoa),['Popa'],https://www.badok.eus/euskal-musika/ainhoa-larranaga,Q60607868
44,Aire Ahizpak,,,,"['Herri', 'kanta']",https://www.badok.eus/euskal-musika/aire-ahizpak,Q20492318
46,Aitor,"«Zergatik ez dituzu abestiak grabatzen?», galdetu zioten behin Aitor Huergori. Inoiz ez du bere burua musikaritzat hartu, baina estreineko lanak balio izan dio barruko paisaiak azaleratzeko. «Barruko paisaiak abesti bilduma xume eta soila dugu, sinpletasunak dakarren zailtasunez hornituta: ahotsa eta gitarra soilik, elkar nahasirik, fluxuan», kontatu du.",,,['Kantautorea'],https://www.badok.eus/euskal-musika/aitor,Q111033486
47,Aitor Badiola,,1949,Donostia,['Popa'],https://www.badok.eus/euskal-musika/aitor-badiola,Q110381475
48,Aitor Etxebarria,,1985,Gernika (Bizkaia),"['Elektronikoa', 'Esperimentala', 'Soinu-banda']",https://www.badok.eus/euskal-musika/aitor-etxebarria,Q23907911
51,Aiumeen Basoa,,1994,,['Metala'],https://www.badok.eus/euskal-musika/aiumeen-basoa,Q12252986
53,Aizkorak Zorroztu,"Aizkorak Zorroztu taldeko hiru kideak beren musikan eragina izan duten bi korronteen berezko erritmo, soinu eta egiturekin inprobisatzen hasi ziren 2014ko udaberrian. Hain zuzen, minimalismoa eta afterpunkaren esperimentazioa eta grungeren izaera korrosiboa eta estutasuna izan dira taldearen eraginak.",2014,Bilbo,['Rocka'],https://www.badok.eus/euskal-musika/aizkorak-zorroztu,Q31188077
54,Akabu,,2016,Galdakao (Bizkaia),['Punk-rocka'],https://www.badok.eus/euskal-musika/akabu,Q61362042
56,Akatu,,2004 - 2012,Iruñea,['Metala'],https://www.badok.eus/euskal-musika/akatu,Q106917714
57,Akauzazte,"Azkoitiko Mataideixe gune autogestionatuan sortutako taldea da Akauzazte. Hainbat kide igaro dira taldetik (Oier Etxeberria, Baxi Ubeda
), baina Iker Arrazolak, Joxe Larrañagak eta Roge Astigarragak osatzen dute bizkarrezurra. Akauzazteren musikak primitibismoarekin, soinu industrialarekin eta inprobisazioarekin ditu loturak. Xabier Erkizia musikariaren hitzetan, “musika herrikoiaren itzaletan dantzan, rock musikarekin larrutan eta abangoardiari beldurrik gabe parez pare begiratuz” jarduten du Akauzaztek.",1992,Azkoitia (Gipuzkoa),"['Rocka', 'Esperimentala']",https://www.badok.eus/euskal-musika/akauzazte,Q8192550
58,Akelarre,,1972 - 2005,Soraluze (Gipuzkoa),"['Plaza', 'Rocka']",https://www.badok.eus/euskal-musika/akelarre,Q12253017
60,Akoka,,,Miarritze (Lapurdi),['Pop-rocka'],https://www.badok.eus/euskal-musika/akoka,Q29025244
61,aKts,"Euskal Herriko soinu paisaia grabaketen, soinu elektronikoen eta zuzenean jotako instrumentuen nahasketa da aKts proiektua.",,,['Elektronikoa'],https://www.badok.eus/euskal-musika/akts,Q118122150
62,Alaitz eta Maider,,1989 - 2004,Oiartzun (Gipuzkoa),['Triki-popa'],https://www.badok.eus/euskal-musika/alaitz-eta-maider,Q1690900
64,ALBA,,2017,Hazparne (Lapurdi),['Post-rocka'],https://www.badok.eus/euskal-musika/alba,Q80304322
66,Alboka,,1994,Hernani (Gipuzkoa),['Folka'],https://www.badok.eus/euskal-musika/alboka,Q12253094
69,Alos Quartet,,1999,Tolosa (Gipuzkoa),"['Folka', 'Klasikoa']",https://www.badok.eus/euskal-musika/alos-quartet,Q97346027
70,Alter Ego,,2014 - 2021,Urretxu-Zumarraga (Gipuzkoa),['Rocka'],https://www.badok.eus/euskal-musika/alter-ego,Q437833
71,Altxatu,"Ibai Osinagak, Julen Abaurreak eta Iker Arizek osatzen dute Altxatu. Oso talde gaztea da, 12-13 urte baitzituzten taldekideek elkarrekin jotzen hasi zirenean, 2011. urtean. 80ko hamarkadako punk-rock taldeak (Hertzainak, Kortatu, The Clash
) eta AEBeko hardcore melodikokoak (Rancid, Green Day
) dituzte erreferentzia Irunberriko hiru taldekideek. Hiru disko grabatu dituzte, eta une honetan taldea deseginda dago.",2011,Irunberri (Nafarroa),['Punk-rocka'],https://www.badok.eus/euskal-musika/altxatu,Q31188019
72,Altzükütarrak,,1979,Altzürükü (Zuberoa),"['Herri', 'kanta']",https://www.badok.eus/euskal-musika/altzukutarrak,Q106917805
73,Ama Say,,1991,,['Rocka'],https://www.badok.eus/euskal-musika/ama-say,Q12253272
74,Amaia Miranda,(Argazkia: Helena Goñi),1993,,['Folka'],https://www.badok.eus/euskal-musika/amaia-miranda,Q48215633
75,Amaia Riouspeyrous,,1984,Donapaleu (Nafarroa Beherea),['Pop-rocka'],https://www.badok.eus/euskal-musika/amaia-riouspeyrous,Q12253292
76,Amaia Zubiria,,1947,Zubieta (Gipuzkoa),"['Folka', 'Herri', 'kanta']",https://www.badok.eus/euskal-musika/amaia-zubiria,Q2840909
77,Amak,,2019,Gipuzkoa,"['Folka', 'Trikitia']",https://www.badok.eus/euskal-musika/amak,Q106840437
78,Amaren Alabak,,1999,,"['Folka', 'Herri', 'kanta']",https://www.badok.eus/euskal-musika/amaren-alabak,Q12253312
79,Ameba,,2019,Usurbil (Gipuzkoa),['Rocka'],https://www.badok.eus/euskal-musika/ameba,Q12615861
80,Ameslariak,"Ameslariak taldea Bergaran sortu zen, Gipuzkoan, 1967. urtean. Jose Luis Mendia, Ramon Arbizu, Justo Idigoras, Javier Arbizu eta Iñaki Arriaran ziren taldeko abeslariak. Garaiko nazioarteko kantu arrakastatsuen euskarazko bertsioak egiten zituzten, Los Brincos eta Les Surfs taldeenak, esate baterako. Herrietako jaietan, dantzalekuetan eta antzeztokietan aritu ziren emanaldiak egiten.",1967 - 1969,Bergara (Gipuzkoa),['Popa'],https://www.badok.eus/euskal-musika/ameslariak,Q12253344
81,Amets,,1969 - 1981,Gasteiz,['Popa'],https://www.badok.eus/euskal-musika/amets,Q362037
82,Amodio,"Javi Manterolak (Lisabö) eta Aurelien Rotureau frantziarrak osatu zuten Amodio. Bruselan elkar ezagutu zuten eta blues eta folk doinuen ikuspegi garaikidea lantzeko proiektua sortu zuten, soinu elektroakustikoaz jantziz herri musikaren sustraiak. Komunikazioaren aldeko melodia sakon eta hauskorrak bildu zituzten disko bakarrean.",2003,Irun (Gipuzkoa),['Rocka'],https://www.badok.eus/euskal-musika/amodio,Q56748137
83,Amooma,"2018ko abenduan sortutako funk, rap, soul eta orokorrean musika beltzaren azpigeneroak nahasten dituen musika taldea da Amooma. Jatorri musikal ezberdineko zazpi lagunek osatzen dute proiektu hau eta honek, aniztasuna taldearen armarri bihurtzea erraztuz, kanta bakoitza arnas hartze fresko bat bihurtzen du.",2018,Bilbo,"['Soula', 'Funka']",https://www.badok.eus/euskal-musika/amooma,Q114608832
84,Amorante,"Amorante Iban Urizarren izen artistikoa da. Musikari lotuta egindako ibilbide guztiaren motxilatik ateratako barne mundua. Tradizioari traizio pixkat egitea zilegia dela mantentzen duen musikaria, tronpeta jolea eta kultura musikal ezberdinen maitale eta zalea. Musika ikasketa akademikoak ditu. Tronpeta bidelagun, hainbat proiektutan hartu du parte, hainbat musikariren diskoetan zein zuzenekoetan jo du. Musika tresnari lotuta egon den tradizioa kontutan edukita, herri musikatik abiatu eta ertzetatik mugitu den musikaria da. Musika herrikoiak eta akademikoak erro berdina dutela uste duen musikaria da Amorante.",1975,Elgoibar (Gipuzkoa),"['Herri', 'kanta', 'Popa']",https://www.badok.eus/euskal-musika/amorante,Q30094821
85,Anai,Thanks to Losers taldean aritutako Iban eta Gari dira Anai osatzen duten bi musikariak. Zazpi kantuz osaturiko disko batekin eman dute ezagutzera proiektu berria.,2017,Astigarraga (Gipuzkoa),['Rocka'],https://www.badok.eus/euskal-musika/anai,Q220018
86,Anai Arrebak,"Iñaki eta Marga Altolagirre anai-arrebak dira Pasai-Donibaneko talde honetako buruak, eta gainerako partaideen artean Jousilouli, Naiz Roxa eta Trigger Travis taldeetan aritutako musikariak daude, besteak beste. Dantzarako rock musika egiten du Anai Arrebak-ek, funk, techno eta punk ukituekin osatua.",2011,Pasaia (Gipuzkoa),"['Rocka', 'Elektronikoa']",https://www.badok.eus/euskal-musika/anai-arrebak,Q31189063
87,Anari,,1970,Azkoitia (Gipuzkoa),['Rocka'],https://www.badok.eus/euskal-musika/anari,Q3325380
89,Ander Garcia,,1978,Barakaldo (Bizkaia),['Jazza'],https://www.badok.eus/euskal-musika/ander-garcia,Q4753690
93,Andrakan,"Iban Urizar musikariaren inguruan sortutako taldea da Andrakan. Musika inprobisatuaren alorrean aritu ohi da Urizar (Cafe Teatro, Mengele Quartet
), baina proiektu honetan folk eta pop-rock doinuetara jo zuen, Elgoibarko beste musikari batzuen laguntzaz. Horien artean, Jon Gurrutxaga zegoen (Arima Beltza, Jon & Sugramas, UEK
). Zazpi kantuz osaturiko disko bat baino ez du argitaratu Andrakanek. Urizarrek, aldiz, Amorante izeneko bakarkako proiektua sortu du.",2008,Elgoibar (Gipuzkoa),['Pop-rocka'],https://www.badok.eus/euskal-musika/andrakan,Q106917846
94,Aneguria,,1984,Bilbo,['Rapa'],https://www.badok.eus/euskal-musika/aneguria,Q30155905
95,Aneika Ara,"Bizkaieraz, “hamaika era” esan nahi du taldearen izenak. Halakoa baita, rockaren barruan, Zigor Iturbek (gitarra eta ahotsa), Argibel Eubak (bateria) eta Alex Lopezek (baxua) sortzen duten musika, ertz askotarikoa, tentsioduna, gihartsua, biluzia, apaingarririk gabekoa eta 90eko hamarkadako slowcore taldeen oroitarazlea zenbaitetan. Argibel Eubak Kepa Junkeraren zenbait diskotan hartu du parte.",2011,,['Rocka'],https://www.badok.eus/euskal-musika/aneika-ara,Q61361826
96,Anestesia,,1988,Zarautz (Gipuzkoa),"['Hardcorea', 'Thrasha']",https://www.badok.eus/euskal-musika/anestesia,Q8199497
98,Angel Katarain,"Musikaria, ekoizlea eta soinu teknikaria da Angel Gonzalez Katarain (Ordizia, Gipuzkoa, 1961). 80ko hamarkadaren hastapenetan egin zituen lehen urratsak diskoak grabatzeko lanean eta zuzeneko teknikari gisa. Geroztik, ehunka disko grabatu ditu eta lan harreman estua izan du hainbat talde eta bakarlarirekin: M-ak, Kortatu, Negu Gorriak, Ruper Ordorika, Fermin Muguruza
 Hainbat urtez IZ estudioan lan egin ondoren, 1996an, bere estudioa ireki zuen, Azkaraten (Nafarroa).",1961,Ordizia (Gipuzkoa),['Esperimentala'],https://www.badok.eus/euskal-musika/angel-katarain,Q11705525
99,Anger,,1997,Arrasate (Gipuzkoa),['Metala'],https://www.badok.eus/euskal-musika/anger,Q31189038
100,Anita Parker,,2017,Arrasate (Gipuzkoa),['Elektro-swinga'],https://www.badok.eus/euskal-musika/anita-parker,Q61362621
101,Anje Duhalde,,1950,Arrangoitze (Lapurdi),['Rocka'],https://www.badok.eus/euskal-musika/anje-duhalde,Q12253579
102,Ankenai,,,Donostia,['Popa'],https://www.badok.eus/euskal-musika/ankenai,Q30149736
103,Anker,,2019,Legazpi (Gipuzkoa),['Metala'],https://www.badok.eus/euskal-musika/anker,Q72510
104,Ankhar,,2012,Zestoa (Gipuzkoa),"['Metala', 'Thrasha']",https://www.badok.eus/euskal-musika/ankhar,Q4034059
105,Anne Etxegoien,,1980,Donapaleu (Behe Nafarroa),"['Herri', 'kanta', 'Popa']",https://www.badok.eus/euskal-musika/anne-etxegoien,Q12253588
106,Anne Lukin,,2001,,['Pop-rocka'],https://www.badok.eus/euskal-musika/anne-lukin,Q89360422
111,Antton,"Elorrioko Lor taldearen errautsetatik sortu da Antton. Abeslariaren izena hartu badute ere, talde egitasmoa da. Antton Uriarte da taldeko kantaria eta berben egilea, Lor taldeko Lander Irazola gitarrista eta ahotsa, Rami Unzeta bateria jotzailea, Mikel Nuñez teklatu jotzailea eta Txaber San Pedro baxu jotzailea. Uriarteren ahots sakona Lor taldeko kide ohien rock astinduekin uztartuz, power pop doinuak gailentzen dira taldean.",2010,Elorrio (Bizkaia),['Pop-rocka'],https://www.badok.eus/euskal-musika/antton,Q150679
112,Antton Aranburu,,1979,Busturia,['Pop-rocka'],https://www.badok.eus/euskal-musika/antton-aranburu,Q72386285
113,Antton Larrandaburu & Bitxiloreak,"Antton Larrandaburu Tumatx taldeko abeslaria izan da. Bitartean, Antton Araspin aspaldiko lagunarekin hasi zen kontzertuak ematen bikotean, baita hirukotean ere Adrien Coletekin (Tumatxeko bateria jotzailea). Arazo profesionalengatik, Adrienek proiektua utzi behar izan zuen, eta 2018an Antton Larrandaburu & Bitxiloreak folk-rock taldea sortu dute bi Anttonek, Benjamin Labaka (baxua) eta Miguel Etxeberri (bateria) lagunekin. Antton Larrandaburuk kantuak sortzen ditu, eta moldaketa guztiak elkarrekin egiten dituzte.",2018,Hazparne (Lapurdi),"['Folk-rocka', 'Popa', 'Rocka']",https://www.badok.eus/euskal-musika/antton-larrandaburu-bitxiloreak,Q61365282
114,Antton Valverde,,1943,Donostia,"['Herri', 'kanta']",https://www.badok.eus/euskal-musika/antton-valverde,Q8201937
115,Añube,,2020,"Bergara, Arrasate (Gipuzkoa)",['[]'],https://www.badok.eus/euskal-musika/anube,Q111555092
117,Apurtu,,1989 - 2016,Irun (Gipuzkoa),['Punka'],https://www.badok.eus/euskal-musika/apurtu,Q12253756
118,Arakajun,,,Zarautz,"['Folka', 'Bluesa', 'Countrya']",https://www.badok.eus/euskal-musika/arakajun,Q61361892
119,Arean,"Borja Estankonak (ahotsa eta gitarra; Artea), Koldo de Miguelek (bateria; Basauri) eta Iñaki Garridok (baxua; Galdakao) osatu zuten Arean. Hirurak Iniezione talde instrumentalean aritu ziren aurretik, eta harekin landutako erritmoak eta intentsitateak gorde zituzten proiektu berrian. “Tentsioa probokatzea eta kantuak berak tentsio hori askatzea” bilatu zuen hirukoteak ondare gisa utzitako bi diskoetan. Ondoren, ildo beretik jarraitu du Estankonak bakarka grabaturiko diskoetan.",2004 - 2006,Bizkaia,['Rocka'],https://www.badok.eus/euskal-musika/arean,Q61361895
122,Aresi,,,,['Punk-Oi!'],https://www.badok.eus/euskal-musika/aresi,Q84710666
124,Argoitia neba-arrebak,"1966tik 1976ra bitartean aritu ziren Andoni eta Irune Argoitia anai-arrebak kantari. Artean haurrak zirela hasi ziren abesten, Ondarroa jaioterrian (Bizkaia), baina Loiolako Herri Irratian grabatutako kantuak ezagutarazi ostean bazter guztietatik deika hasi zitzaizkien jaialdietako antolatzaileak. Euskal Herriko herri kantuak eta euskarara ekarritako modako kantuak abesten zituzten, ahotsa, gitarra eta bandurria lagun. Ehunka emanaldi egin zituzten eta zenbait disko arrakastatsu grabatu.",1966 - 1976,,['[]'],https://www.badok.eus/euskal-musika/argoitia-neba-arrebak,Q12253937
125,Arima,,2018,Muskiz (Bizkaia),['Rocka'],https://www.badok.eus/euskal-musika/arima,Q108415419
126,Arima Beltza,,1997 - 2006,Elgoibar (Gipuzkoa),"['Bluesa', 'Rock&rolla']",https://www.badok.eus/euskal-musika/arima-beltza,Q8204358
127,Arima Soul,"Lidia Insaustik (ahotsa) eta Mikel Makalak (baxua) sortutako soul musikako proiektua da Arima Soul. Geroago Paul San Martin (teklatuak) eta Hilario Rodeiro (bateria) gehitu ziren. 70eko hamarkadako rhythm & blues, soul, funk, groove eta jazz taldeen eragin argia du, baina estilo horietako korronte garaikideenari ere begira dago, hau da, neo-soul izenekoari.",2019,"Zarautz (Gipuzkoa), Donostia","['Jazza', 'Soula', 'Funka']",https://www.badok.eus/euskal-musika/arima-soul,Q103795630
129,Arkada Social,,1997,,['Punk-rocka'],https://www.badok.eus/euskal-musika/arkada-social,Q12253983
131,Arkaitz Miner,,1976,Errenteria (Gipuzkoa),"['Folka', 'Herri', 'kanta']",https://www.badok.eus/euskal-musika/arkaitz-miner,Q28464705
132,Aro,,,Lasarte-Oria (Gipuzkoa),['[]'],https://www.badok.eus/euskal-musika/aro,Q4795452
133,Arrano Pertxa eta Lengu Iluna,Urko Gonzalez eta David Rodriguezek osatzen dute Arrano Pertxa eta Lengu Iluna rap bikotea. 80ko hamarkadan Estatu Batuetan egiten zen raparen soinua eta tematikari omenaldi xume bat egin nahi izan diote bere lehen diskoarekin.,2017,Bilbo,['Rapa'],https://www.badok.eus/euskal-musika/arrano-pertxa-eta-lengu-iluna,Q61363669
134,Arrotzak,,2015,Donostia,['Punk-rocka'],https://www.badok.eus/euskal-musika/arrotzak,Q61365417
138,Asgarth,,1997,Donostia,['Metala'],https://www.badok.eus/euskal-musika/asgarth,Q12254268
140,Asier Serrano,,1975,Eibar (Gipuzkoa),['Pop-rocka'],https://www.badok.eus/euskal-musika/asier-serrano,Q12254284
143,Asla,"Asla 2016ko bukaeran Oier Aslak Etxebarrin (Bizkaia) sortutako taldea da. Urte batzuetan zehar bikote gisa jardun ostean, gaur egun bost musikariz osaturiko banda da: Gurutze Etxebarria (ahotsak), Danel Marin (bateria eta perkusioak), Asier Bardezi (baxua), Andres Tejo (gitarra) eta Oier Asla (ahotsak eta gitarra).",2016,,['Pop-rocka'],https://www.badok.eus/euskal-musika/asla,Q18546813
144,Assata,"Assata musika beltzaren eragina daukan Arrasateko taldea da. Funk, soul, pop, elektronika, rock, punk, rap
 bezalako adiera ezberdinak nahasten dira haren abestietan. Post-funk? Soul-punk? Zuriak beltzez.",2018,Arrasate (Gipuzkoa),"['Rocka', 'Funka']",https://www.badok.eus/euskal-musika/assata,Q81054102
145,Astoturfer,,,Durango (Bizkaia),['[]'],https://www.badok.eus/euskal-musika/astoturfer,Q109985874
147,Atazál,Nahia Fernandezek (ahotsa eta gitarra) eta Manu Gaignek (gitarra eta kaxoi flamenkoa) osaturiko bikote akustikoa.,2016,Donostia,"['Folka', 'Popa']",https://www.badok.eus/euskal-musika/atazal,Q61361354
148,Aterkings,,2000 - 2010,,['Punk-rocka'],https://www.badok.eus/euskal-musika/aterkings,Q12254360
150,Atzekabe,,2014,Gernika (Bizkaia),['Pop-rocka'],https://www.badok.eus/euskal-musika/atzekabe,Q31189125
151,Audience,,2000,Gernika (Bizkaia),"['Bluesa', 'Rocka', 'Countrya']",https://www.badok.eus/euskal-musika/audience,Q12254470
155,Autobus Magikoa,,2015,Oiartzun (Gipuzkoa),"['Reggaea', 'Ska']",https://www.badok.eus/euskal-musika/autobus-magikoa,Q31188430
159,Azala,"Herri musika berreskuratzeko lanetik abiatuta, ibilbide propioa garatu zuen Azala taldeak 80ko hamarkadan. Lau disko grabatu zituen zortzi urteko ibilbidean, eta sekula arrakasta masiborik lortu ez bazuen ere, haren musika ezaguna gertatu zen, batez ere Gipuzkoa aldean, zuzenean egindako emanaldi ugariak direla medio.",1983 - 1989,,['Folka'],https://www.badok.eus/euskal-musika/azala,Q268552
160,Azalera,,2016 - 2019,"Ondarroa, Bolibar (Bizkaia)",['Rocka'],https://www.badok.eus/euskal-musika/azalera,Q61364972
161,Azken Aukera,,,Gasteiz,['Rocka'],https://www.badok.eus/euskal-musika/azken-aukera,Q31188089
163,Azken Trena,,2014,Bera (Nafarroa),"['Pop-rocka', 'Rocka']",https://www.badok.eus/euskal-musika/azken-trena,Q61362034
165,Bad Sound,,,Irun (Gipuzkoa),"['Rapa', 'Reggaea']",https://www.badok.eus/euskal-musika/bad-sound,Q12254644
168,Bakelite,"Naiara Anasagasti (Paniks) eta Sergio Llanos (Eureka Hot 3, Atom Rhumba) dira honetako kideak. Perkusioa jo eta abestu egiten du Anasagastik, eta Llanosek gitarrak, baxua eta teklatuak jotzen ditu. Riff baten gainean eraiki ohi dituzte kantuak eta gustuko dute horietako bakoitzak bere ukitua edukitzea, bluesarena, rock’n’rollarena edota countryarena.",2011,Bermeo (Bizkaia),['Rocka'],https://www.badok.eus/euskal-musika/bakelite,Q31722989
169,Baldin Bada,,1986 - 1996,Irun (Gipuzkoa),"['Hardcorea', 'Punk-rocka', 'Ska']",https://www.badok.eus/euskal-musika/baldin-bada,Q8240601
170,Balerdi Balerdi,,1990,Iruñea,['Pop-rocka'],https://www.badok.eus/euskal-musika/balerdi-balerdi,Q12254725
173,Bananas,,2018,Donostia,"['Hardcorea', 'Post-hardcorea']",https://www.badok.eus/euskal-musika/bananas,Q18356400
175,Baobabs Will Destroy Your Planet,"2014ko urrian osatu zen Baobabs Will Destroy Your Planet hirukotea —Eymard Uberetagoena (ahotsa eta gitarra), Mirentxu Asin (sintetizadoreak) eta Eneko Reketibate (bateria)—, eta hilabete geroago estudioan sartu zen lau kantu grabatzera. Javier Indurain baxu jotzaileak lagundu zien grabazioan. Taldeak Abbey Road estudioan grabatu zuen bere lehen diskoa.",2014,Iruñea,['Pop-rocka'],https://www.badok.eus/euskal-musika/baobabs-will-destroy-your-planet,Q31188087
180,Basaki,"Rockaren eta metalaren arteko mugan sailka daitezke Leioako (Bizkaia) laukote honen kantuak. Soinu gogorrak atsegin dituzte, baina melodiari garrantzi handia ematen diote. «Gustu desberdinak ditugu taldean, gutariko bakoitzak talde batzuk entzuten ditu, baina, oro har, abiadura eta indarra melodiarekin uztartzen dituzten taldeak gustatzen zaizkigu; Söber eta Berri Txarrak, esaterako», azaldu dute.",1996,Leioa (Bizkaia),['Metala'],https://www.badok.eus/euskal-musika/basaki,Q31188086
181,Bastardix,,2016,Iruñea,['Folk-rocka'],https://www.badok.eus/euskal-musika/bastardix,Q109970763
184,Begiz Begi,"“Hertsiki lotutako unibertso eta bizitzen islada, rockaren iluntasuna eta folkaren eztitasunaren arteko begian begiko asumitua, kultura aberats eta sakon baten misterioari nahasia”. Horrela deskribatzen da Begiz Begiren mundua. Patxi Amulet eta Xabi Etxeberrik sortu zuten taldea, haien unibertso musikalak partekatzeko asmoarekin. Lau urte berantago, haien proiektua urrunago eramateko, hiru musikari berri sartu ziren taldean. Naturalki, bakoitzak bere estiloa ekarri zuen eta denen artean moldaketa berri batzuk sortu ziren.",2007,Angelu (Lapurdi),"['Folk-rocka', 'Post-rocka']",https://www.badok.eus/euskal-musika/begiz-begi,Q31188093
185,Behi Bi Blues,,2013,,['Bluesa'],https://www.badok.eus/euskal-musika/behi-bi-blues,Q31188026
186,Behi Bideko Andere Xuriak,,2014,Hazparne (Lapurdi),"['Herri', 'kanta']",https://www.badok.eus/euskal-musika/behi-bideko-andere-zuriak,Q61363912
188,Beira,,2006,Oiartzun (Gipuzkoa),['Pop-rocka'],https://www.badok.eus/euskal-musika/beira,Q31189055
189,Belako,,,Mungia (Bizkaia),"['Popa', 'Rocka']",https://www.badok.eus/euskal-musika/belako,Q17622702
190,Belardi,,,,['[]'],https://www.badok.eus/euskal-musika/belardi,Q8537
191,Belarmiñak,"Joxi Ubedak (Tortura Sistematika, Bukaera, Anima Vili, Batzuk
) eta Iker Lopezek (Lobo Electrico) sortu zuten Belarmiñak. Geroago beste bi kide batu zaizkie: Ilargi Agirre (bateria) eta Eñaut Maiz (baxua). Folk eta blues kutsuko kantu geldoak egiten dituzte, atmosferak sortuz. 2013ko apirilean eskaini zuten lehen kontzertua, eta oraingoz lan bakarra grabatu dute.",2013,Tolosa (Gipuzkoa),"['Popa', 'Rocka']",https://www.badok.eus/euskal-musika/belarminak,Q31188099
192,Belatz,,2015,Gernika-Lumo (Bizkaia),['Rocka'],https://www.badok.eus/euskal-musika/belatz,Q714534
194,Belceblues,,,Bergara (Gipuzkoa),['Bluesa'],https://www.badok.eus/euskal-musika/belceblues,Q12254951
195,Beltzez, [if gte mso 9]><xml>     Normal   0         21         false   false   false      ES   X-NONE   X-NONE                                                     MicrosoftInternetExplorer4                                                   </xml><![endif],1989 - 1998,,['Hardcorea'],https://www.badok.eus/euskal-musika/beltzez,Q31188098
197,Beñat Axiari,,1947,Donapaleu (Behe Nafarroa),"['Herri', 'kanta', 'Jazza', 'Esperimentala']",https://www.badok.eus/euskal-musika/benat-axiari,Q2900563
198,Beñat Igerabide,,1988,Aduna (Gipuzkoa),['Pop-rocka'],https://www.badok.eus/euskal-musika/benat-igerabide,Q41484221
199,Bengo,,1997,Oiartzun (Gipuzkoa),"['Rapa', 'Elektronikoa']",https://www.badok.eus/euskal-musika/bengo,Q3565685
200,Benito Lertxundi,"Euskal kantagintza berriak eman duen musikaririk emankor eta beteranoenetakoa da, Euskal Herrian zein kanpoan miretsia eta laudatua. Oriotarraren abesti asko herri kantutegiko klasiko bihurtu dira; itzulerako bidea egin dute, herri kantutegira ere jo izan baitu Lertxundik, bereziki Zuberoakora. Horrez gain, Bretainia eta Irlandako doinuak izan ditu iturri nagusiak. Bere burua epikotasunaren abeslari gisa ezagutzera eman ondoren, azken hamarkadetan kutsu intimistagoa hartu du haren musikak.",1942,Orio (Gipuzkoa),"['Herri', 'kanta']",https://www.badok.eus/euskal-musika/benito-lertxundi,Q3752508
201,Benizze,,2021,Gasteiz,['Elektronikoa'],https://www.badok.eus/euskal-musika/benizze,Q117352670
202,Berri Txarrak,,1994 - 2019,Lekunberri (Nafarroa),"['Metala', 'Rocka']",https://www.badok.eus/euskal-musika/berri-txarrak,Q952245
203,Bertan Bera,,2008 - 2014,Gernika-Lumo (Bizkaia),['Punk-rocka'],https://www.badok.eus/euskal-musika/bertan-bera,Q117352671
204,Betagarri,"Gasteizko zortzikoteak erakutsi du badagoela ska-rockarentzat lekua bai Euskal Herrian eta bai gure mugetatik kanpo ere. Ez hori bakarrik: dagoeneko hamar disko ditu kalean, zuzenekoak eta bertsioenak barne, eta herri zapalduen alde eta gehiegikerien kontrako hitz zuzenak helarazita, gai da plazetan jendetza dantzan jartzeko. Hizkuntza eta doinuen mestizajea aldarrikatzen du Betagarrik. Hatortxu Rock jaialdian emango du azken kontzertua, 2017ko uztailaren 28an.",1993 - 2017,Gasteiz,"['Rocka', 'Ska']",https://www.badok.eus/euskal-musika/betagarri,Q830929
205,Beti Mugan,,1992,Hondarribia (Gipuzkoa),['Rocka'],https://www.badok.eus/euskal-musika/beti-mugan,Q8247235
206,Betizu Taldea,"ETB1eko telesaio baten bidez sortu zuten Betizu Taldea, zenbait abeslari gazterekin. 2003. eta 2005. urteen artean lau disko argitaratu zituzten.",2003 - 2005,,['Popa'],https://www.badok.eus/euskal-musika/betizu-taldea,Q115625266
207,Bi Bala,Aitzol Barandiaran eta Iñaki Gurrutxaga bertsolarien inguruan eratutako taldea da Bi Bala.,2013 - 2018,"Ataun, Orio (Gipuzkoa)",['Rocka'],https://www.badok.eus/euskal-musika/bi-bala,Q61361518
208,Bi Zaldi,,2016,Zaldibia (Gipuzkoa),"['Folka', 'Popa']",https://www.badok.eus/euskal-musika/bi-zaldi,Q117352672
209,Bibi,"Bikote hau Einsten on the Beach topaketa artistiko sortzaile den Bordaleko taldeko kideen ideiatik sortu zen, 2013an. Elkar ezagutzen ez zuten bi mutil hauek lagun minak bihurtu eta hainbat kontzertu eman dituzte, gehienak Frantzia hegoaldeko festibal edo ostatu batzuetan. Bide oparoetatik kanpo dabiltza, formula akustiko eta intimista batean. Hemen duzuen diskoa ez duzue beste inon entzungo, ez baita ez sarean ez diskoetxe baten katalogoan.",2013,"Hazparne (Lapurdi), Bordele (Frantzia)","['Herri', 'kanta']",https://www.badok.eus/euskal-musika/bibi,Q43723
210,Bidaia,,2002,Baiona,['Folka'],https://www.badok.eus/euskal-musika/bidaia,Q12255138
211,Bide Ertzean,,1998,Tolosa (Gipuzkoa),['Pop-rocka'],https://www.badok.eus/euskal-musika/bide-ertzean,Q12255153
212,Bidebat,,1999 - 2006,Arrigorriaga (Bizkaia),['Metala'],https://www.badok.eus/euskal-musika/bidebat,Q31188092
213,Bidelapurrak,,,Gasteiz,['Folk-rocka'],https://www.badok.eus/euskal-musika/bidelapurrak,Q61365753
214,Big Bob Railroad,,2016,Donostia,"['Folka', 'Bluesa']",https://www.badok.eus/euskal-musika/big-bob-railroad,Q110589615
215,Big Boy,"Zumaian (Gipuzkoa) sortutako taldea da Big Boy. Sei lagunek osatzen dute, eta rock tresna konbentzionalez gain haize instrumentuek (klarinetea, bonbardinoa, tronboia) pisu handia dute taldearen sorkuntzan. Ekialdeko musikaren, tangoaren, Ennio Morricorenen soinu banden edota surf musikaren aztarnak entzuten dira Big Boyren kantuetan. Bi disko eta Big Boyren ibilbideari buruzko dokumental faltsu bat argitaratu ditu.",2012,Zumaia (Gipuzkoa),"['Rocka', 'Esperimentala']",https://www.badok.eus/euskal-musika/big-boy,Q2902162
216,Bihar,,,,['[]'],https://www.badok.eus/euskal-musika/bihar,Q4112127
217,Bihozkada,,2015 - 2020,Villabona (Gipuzkoa),['Pop-rocka'],https://www.badok.eus/euskal-musika/bihozkada,Q61365756
222,Biluzik,,,Iruñea,['Pop-rocka'],https://www.badok.eus/euskal-musika/biluzik,Q31189031
223,Biren,"Ane eta Nora Agirre ahizpa bikiek osatzen dute Biren taldea, eta 2018an maketa kaleratu ostean, bigarren diskoa grabatu dute Mutrikuko AME estudioan.",2018,Ondarroa (Bizkaia),['[]'],https://www.badok.eus/euskal-musika/biren,Q45598875
224,Birkit,,,Bilbo,['Rocka'],https://www.badok.eus/euskal-musika/birkit,Q45202787
225,Birle,,2007,,['Rocka'],https://www.badok.eus/euskal-musika/birle,Q3357504
227,Bittor Aiape,,1980,Iruñea,['Pop-rocka'],https://www.badok.eus/euskal-musika/bittor-aiape,Q12255288
228,Bittor Egurrola,"1968tik 1970era bitartean aritu zen kantari Bittor Egurrola (Gernika, Bizkaia). Tarte horretan hainbat sari irabazi zituen, jaialdi andana egin zuen, gehienak Bizkaian, Cinsa diskoetxeak argitaraturiko bi disko txiki grabatu zituen eta Herrikoi taldeko kide izan zen, Maite Idirin, Naikari, Zintzoak, Beti-Alai eta Olangarekin batera.",1944,Gernika,['Popa'],https://www.badok.eus/euskal-musika/bittor-egurrola,Q12255289
229,Bitz,,,Oñati (Gipuzkoa),['Punk-rocka'],https://www.badok.eus/euskal-musika/bitz,Q54272077
230,Bixente Martinez,,1954,Eibar (Gipuzkoa),['Folka'],https://www.badok.eus/euskal-musika/bixente-martinez,Q12255301
231,Bizardunak,,2009 - 2013,Iruñea,['Folk-rocka'],https://www.badok.eus/euskal-musika/bizardunak,Q12255302
232,Bizarro,,2019,Oñati (Gipuzkoa),['Rocka'],https://www.badok.eus/euskal-musika/bizarro,Q51028917
233,Bizkar Hezurra,,1993 - 1995,Gasteiz,['Rocka'],https://www.badok.eus/euskal-musika/bizkar-hezurra,Q12255356
234,Blaka,,2009,Donostia,"['Hard-rocka', 'Rock&rolla']",https://www.badok.eus/euskal-musika/blaka,Q29707953
236,Bloñ,,2021,,['Popa'],https://www.badok.eus/euskal-musika/blon,Q885016
237,BÑT,,,Ondarroa (Bizkaia),['Elektronikoa'],https://www.badok.eus/euskal-musika/bnt,Q61101989
241,Borbor,,2014,,['[]'],https://www.badok.eus/euskal-musika/borbor,Q87000377
244,Braulio,,2019,Ondarroa (Bizkaia),['Rocka'],https://www.badok.eus/euskal-musika/braulio,Q551816
245,Brigada Criminal,,1999 - 2006,Lazkao (Gipuzkoa),['Punk-rocka'],https://www.badok.eus/euskal-musika/brigada-criminal,Q12255493
246,Brigade Loco,,2017,Bergara (Gipuzkoa),"['Punk-rocka', 'Punk-Oi!']",https://www.badok.eus/euskal-musika/brigade-loco,Q65216132
247,Broken Bihotz,,1990 - 1994,Mungia (Bizkaia),['Pop-rocka'],https://www.badok.eus/euskal-musika/broken-bihotz,Q61364152
248,Broken Brothers Brass Band,,2006,Iruñea,['Jazza'],https://www.badok.eus/euskal-musika/broken-brothers-brass-band,Q31188302
250,Bronze,,2006,,['Rocka'],https://www.badok.eus/euskal-musika/bronze,Q12620795
251,Buffalo,,2008,Zarautz (Gipuzkoa),"['Post-rocka', 'Rocka']",https://www.badok.eus/euskal-musika/buffalo,Q31189107
252,Buitraker,,1992,Iruñea,"['Metala', 'Rocka', 'Elektronikoa']",https://www.badok.eus/euskal-musika/buitraker,Q114353194
253,Bulego,,2019,Azkoitia (Gipuzkoa),['Popa'],https://www.badok.eus/euskal-musika/bulego,Q110064997
255,Bultz!,,2016,"Elorrio, Abadiño (Bizkaia)",['Punk-rocka'],https://www.badok.eus/euskal-musika/bultz,Q61361272
257,Buru Arin,"2017. urtean hasi zen Ibon Navas ‘Buru Arin’ rap abeslariaren ibilbidea, hip hop kultura Euskal Herrian barneratzeko asmoz. Urte bat geroago argitaratu zuen bere lehen proiektua, “Haziak” izenekoa. Bilduma horretan 12 kanta batu zituen, ideia zehatz bat adierazi guran: haziak landatu eta behar bezala zainduz gero lor daitezke nahi diren fruituak. Une honetan bere bigarren bilduma prestatzen ari da.",1993,,['Rapa'],https://www.badok.eus/euskal-musika/buru-arin,Q56011833
260,Cäctus,,2011,Bermeo (Bizkaia),"['Metala', 'Rocka']",https://www.badok.eus/euskal-musika/cactus,Q61364867
261,Candidato Manchú,,2015 - 2018,Iruñea,"['Post-hardcorea', 'Rocka']",https://www.badok.eus/euskal-musika/candidato-manchu,Q61364760
262,Captain Nemo,,2000 - 2008,,"['Hardcorea', 'Punk-rocka']",https://www.badok.eus/euskal-musika/captain-nemo,Q12255650
265,Chill Mafia,"Chill Mafia, haietako baten etxean musika egiten elkartzen hasi ziren lagun talde bat da eta ekoizleek, soinu teknikariek, diseinatzaileek, DJek eta graffitigileek osatzen dute. Haiek dira ekoizpen eta sorkuntza osoaren arduradunak.",,Iruñea,"['Rapa', 'Reggaea', 'Reggaetona']",https://www.badok.eus/euskal-musika/chill-mafia,Q105279583
267,Cobra,,,Bilbo,"['Metala', 'Rocka', 'Stonerra']",https://www.badok.eus/euskal-musika/cobra,Q2336889
269,Cyber,,2018,,['Rocka'],https://www.badok.eus/euskal-musika/cyber,Q111287859
270,D-Pintxos,,2009 - 2019,,['Punk-rocka'],https://www.badok.eus/euskal-musika/d-pintxos,Q31188033
272,Dama,,2009,Doneztebe (Nafarroa),['Rock&rolla'],https://www.badok.eus/euskal-musika/dama,Q31189066
273,Damba,,,Donostia,"['Popa', 'Rocka', 'Runba', 'Salsa']",https://www.badok.eus/euskal-musika/damba,Q31723014
276,Danba,"Bilakaera handia izan zuen Danba taldeak ibilbide osoan. Hasierako punk zikin eta basatia jorratzetik ska doinuetara eta azken aroko funk, metal eta rock nahasketara egin zuen aldaketa, baita gaztelaniaz abestetik euskaraz egitera ere. Taldearen jarduera 1984. urtean abiatu zen Laudion (Araba), eta hiru disko argitaratu ostean 1994an betirako desegin zen.",1984 - 1994,Laudio (Araba),"['Punk-rocka', 'Rocka', 'Funka']",https://www.badok.eus/euskal-musika/danba,Q12256072
277,Dantzut,,1996 - 2000,Ermua (Bizkaia),['Rocka'],https://www.badok.eus/euskal-musika/dantzut,Q84137098
278,Daroa,"Donostialdean sortu den proiektu berria da Daroa eta euskal eszena elektronikoan mugitzen da. Aurkezpen kantuak “Itsutu nintzen” izena du. Patricia Luna da, bere eztarri urratu eta ahots sarkorrarekin, proiektu berri honen ahotsa.",,Donostia,['Elektronikoa'],https://www.badok.eus/euskal-musika/daroa,Q5224158
279,Deabruak Teilatuetan,,1991 - 2010,Tolosa (Gipuzkoa),['Rocka'],https://www.badok.eus/euskal-musika/deabruak-teilatuetan,Q12256106
281,Deiedra,,,Santurtzi (Bizkaia),['Folk-rocka'],https://www.badok.eus/euskal-musika/deiedra,Q31188116
282,Dekot,,2014,Maruri-Jatabe (Bizkaia),['Rocka'],https://www.badok.eus/euskal-musika/dekot,Q61364862
283,Delient,"Mondocane, Neu eta Ezinean taldeetan aritutako musikariek osatzen dute Delient. Doom edo stoner rock gordina oinarri hartuta, metal eta psikodelia ukituak antzeman daitezke taldearen abestietan. 2017ko azaroan eman zuen lehen kontzertua, eta 2019. urtearen hasieran kaleratu du lehen diskoa.",2016,Azpeitia (Gipuzkoa),"['Metala', 'Rocka', 'Stonerra']",https://www.badok.eus/euskal-musika/delient,Q61365959
284,Delirium Tremens, 		@page { size: 21cm 29.7cm; margin: 2cm } 		P { margin-bottom: 0.21cm } 	,1985,Mutriku (Gipuzkoa),['Rocka'],https://www.badok.eus/euskal-musika/delirium-tremens,Q8354500
285,Delorean,,2000 - 2018,Zarautz (Gipuzkoa),"['Popa', 'Elektronikoa']",https://www.badok.eus/euskal-musika/delorean,Q1184597
286,Dena,,2017,Ondarroa (Bizkaia),['Rocka'],https://www.badok.eus/euskal-musika/dena,Q12764306
289,Desira,,2018,Bilbo,"['Hard-rocka', 'Rocka']",https://www.badok.eus/euskal-musika/desira,Q61365967
290,Desordutan,,2005 - 2015,Tolosa (Gipuzkoa),['Pop-rocka'],https://www.badok.eus/euskal-musika/desordutan,Q12256195
291,Desore,,2015,Igorre (Bizkaia),['Rocka'],https://www.badok.eus/euskal-musika/desore,Q12256198
292,Desoreka,,2000,Lezo (Gipuzkoa),"['Metala', 'Rocka']",https://www.badok.eus/euskal-musika/desoreka,Q12256198
293,Deus Ez,"Eibarren 2016ko udaberrian sortutako taldea da Deus Ez. Eric Deza (gitarrak eta ahotsa), Alex Etxeberria (baxua) eta Koldo Sagarzazu (bateria) dira taldekideak, eta rock alternatiboa lantzen dute, 90eko hamarkadako eta gaur egungo soinua inspirazio gisa hartuta. Lehen disko homonimoa 2017ko irailean argitaratu zuten eta 2019an “Sherpak” plazaratu dute.",2016,Eibar (Gipuzkoa),['Rocka'],https://www.badok.eus/euskal-musika/deus-ez,Q61361682
294,Diabolo Kiwi,"Bi urte luzez erdi lo egon ondoan, 2018ko maiatzean iratzarri da Diabolo Kiwi laukote moduan. Taldekideek funka dute ardatz. Erritmika kokinen eta melodia sarkorren arteko nahasketari fruitu koktel usaina dario. Leireren ahots liluragarria, Julenen makil joko finak baita Allande eta Amaiurren soka bipilek ere laguntzen dute, teklatuek kantu bakoitza beztitu eta borobiltzen dutelarik. Fresko zein bizi, plazera eman eta hartzeko gogoarekin dabiltza taula gainean.",2016,Donibane Garazi,"['Popa', 'Funka']",https://www.badok.eus/euskal-musika/diabolo-kiwi,Q97206406
295,Didar,,,Lekeitio (Bizkaia),['Metala'],https://www.badok.eus/euskal-musika/didar,Q55233034
296,Dientes de Luna,,2008,Gernika-Lumo (Bizkaia),"['Pop-rocka', 'Rocka']",https://www.badok.eus/euskal-musika/dientes-de-luna,Q31188277
298,Doctor Deseo,,1986,Bilbo,['Rocka'],https://www.badok.eus/euskal-musika/doctor-deseo,Q3326834
301,Don Inorrez,,1973,Tolosa (Gipuzkoa),['Popa'],https://www.badok.eus/euskal-musika/don-inorrez,Q98929944
303,Drumkopters,,2016 - 2019,Zarautz (Gipuzkoa),"['Rocka', 'Post-punka']",https://www.badok.eus/euskal-musika/drumkopters,Q61365505
304,Dube,,,,['Rocka'],https://www.badok.eus/euskal-musika/dube,Q36572190
306,Dukkha,"Rockaren eremuan mugituz, funk, pop eta indie estiloekin batera. Erritmo azkarrak zein mantsoak eta dantzagai. Ruben Rekena, Ane Chaparro eta Aimar Urruzuno dira taldekideak.",2016,Andoain (Gipuzkoa),['Rocka'],https://www.badok.eus/euskal-musika/dukkha,Q115663017
307,Duluth,"Aitor Agirre (ahotsa eta gitarra), Ander Sevilla (baxua), Asier Erdozain (gitarra) eta Jon Salvadorrek (bateria) osatzen dute Duluth. 2017ko irailean sortu zen taldea eta 2018ko udaberrian zazpi abestiz osaturiko EPa kaleratu zuen, euskaraz zein gaztelaniaz. Indie, country edo rock psikodelikoko doinuak entzun daitezke bertan.",2017,Gasteiz,"['Pop-rocka', 'Rocka']",https://www.badok.eus/euskal-musika/duluth,Q61364817
308,Dunne,"Slaktuis taldearen errautsetatik sortutako hirukotea da Dunne. 2018ko udaberrian lau kantuz osaturiko EPa grabatu zuen 2noisy estudioan. Stoner eta hardcore doinuak jorratzen ditu taldeak, eta hitzetan gaur egungo gizartearen egoeraren inguruko hausnarketa eskaintzen du, ingurumenaren kutsadura, bullying-a edota eliteen kritika eginez.",2017,Azkoitia (Gipuzkoa),"['Rocka', 'Stonerra']",https://www.badok.eus/euskal-musika/dunne,Q61365710
309,Dupla,"Dupla nekazal ingurune baten musika urbanoa egiten duen taldea da. Hitz esplizituak erabilita, ikutu elektronikoa zein hip-hop-a nahasten dituen pop musika da bere marka. Zuzenekoetan, ahotsa zein bateria, elektronikaren indarrarekin nahasi eta antzerkiaren antza duen espektakulu bisuala sortzen du bikote honek.",2018,Agurain (Araba),['Rapa'],https://www.badok.eus/euskal-musika/dupla,Q81052671
310,Dut,,1993 - 2008,Hondarribia (Gipuzkoa),['Post-hardcorea'],https://www.badok.eus/euskal-musika/dut,Q3396250
311,Edozein Bi,"Ritx (Raperos de Emaús) eta Aingeru (Soñadores Natos Sñ-Nt) dira Edozein Bi. Proiektu berri honetan rapa eta reggaearekin nahasten da euskara. Ezaugarri bezala duten alderdi soziala alde batera utzi gabe, mezu positiboa eta egunerokotasunaren freskotasuna somatzen da abestietan. Orain arte, euren proiektu pertsonala izan den euskarazko rapa sustatzeko helburua burutzeko aukera izan dute Edozein Bi – Aingeru & Ritx taldearekin.",,Iruñea,['Rapa'],https://www.badok.eus/euskal-musika/edozein-bi,Q61363303
313,Egan,,1970 - 1994,Azpeitia (Gipuzkoa),['Plaza'],https://www.badok.eus/euskal-musika/egan,Q21936667
315,Egurra ta Kitto,,2008,,['Ska-rocka'],https://www.badok.eus/euskal-musika/egurra-ta-kitto,Q12256556
316,EH Sukarra,,1990,Eibar (Gipuzkoa),['Rocka'],https://www.badok.eus/euskal-musika/eh-sukarra,Q8771309
317,Ehun Kilo,,1991 - 1997,,['Metala'],https://www.badok.eus/euskal-musika/ehun-kilo,Q12256576
319,Eider,"Eider Saez abeslariak (Nøgen taldean ibilitakoak) bere bakarkako bideari ekin dio, eta ‘Loratzen’ diskoan aletu du «bere burua aurkitzeko» bidean bizitakoa.",1998,Lazkao (Gipuzkoa),['Popa'],https://www.badok.eus/euskal-musika/eider,Q19661932
320,Eire,Eire Maiak eta Eire Salegik sortu dute Eire taldea. (Argazkia: Arnaitz Rubio Aprea).,,,['Popa'],https://www.badok.eus/euskal-musika/eire,Q5839193
321,Ekhi Lambert,,1990,Irulegi (Nafarroa Beherea),"['Folka', 'Kantautorea']",https://www.badok.eus/euskal-musika/ekhi-lambert,Q81043891
323,Ekiñe,,,Arrasate (Gipuzkoa),['Kantautorea'],https://www.badok.eus/euskal-musika/ekine,Q109978087
324,Ekiza,,1980,Baiona,['Rocka'],https://www.badok.eus/euskal-musika/ekiza,Q18671128
325,Ekon,"Nu-metal musikaren nazioarteko joera euskarazko musikara ekartzen lehenengoa Arrasateko (Gipuzkoa) Ekon izan zen. Musika estilo ezberdinetan ibilitako hainbat musikarik osatu zuten taldea, eta, hardcore melodikoa, metal berria eta ukitu industrialak nahastuta, lehenengo erreferentzia modernoa izan ziren euskarazko metal musikan. Hiru disko argitaratu zituen eta 2003an banandu zen. 2009an berriz elkartu zen taldea, kontzertu batzuk eskaintzeko, eta 2010eko urtarrilean esan zuen agur behin-betiko.",1994 - 2010,Arrasate (Gipuzkoa),['Metala'],https://www.badok.eus/euskal-musika/ekon,Q8772799
326,Ekuru,,,Durango (Bizkaia),['Jazza'],https://www.badok.eus/euskal-musika/ekuru,Q35481105
328,Elaudi,,1998 - 2008,"Hazparne, Itsasu (Lapurdi)","['Folka', 'Herri', 'kanta']",https://www.badok.eus/euskal-musika/elaudi,Q31188088
329,Elbereth,"90eko hamarkadaren amaieran sortu bazen ere, Elbereth-en ibilbidea, gaur egungo taldea izatera irisi artekoa, 2002. urtean hasi zen. Hastapenetatik heavy metal klasikoa izan da Legazpiko (Gipuzkoa) taldearen bizkarrezurra, baina diskoz disko asmatu du bere soinua generoaren beste adar eta ñabarduretara zabaltzen —power metalera eta thrashera, esate baterako—. Euskal Herria Zuzenean jaialdiak antolatutako talde lehiaketako finalera iritsi zen 2010. urtean.",2002,Legazpi (Gipuzkoa),['Metala'],https://www.badok.eus/euskal-musika/elbereth,Q110678444
331,Eli Bujanda,,1987,Beasain (Gipuzkoa),['Pop-rocka'],https://www.badok.eus/euskal-musika/eli-bujanda,Q104671592
334,Elodie Baffalio,"Bere jatorriak, hazi den izadiak, eta musika klasiko eta esperimentalarekin egin topaketa ezberdinek eragin sakona dute Elodie Baffalioren musikan. Hauetatik abiatuz, berea den unibertso musikala sortu du. Elkarretaratze edo sorkuntzen arabera, bere musika melodiko-modala izan daiteke, zein bruitista, inpresionista edo espektrala.",1986,Urdiñarbe (Zuberoa),"['Esperimentala', 'Klasikoa']",https://www.badok.eus/euskal-musika/elodie-baffalio,Q76414962
335,Elortegi Anayak,,2015,Bakio (Bizkaia),['Rock&rolla'],https://www.badok.eus/euskal-musika/elortegi-anayak,Q31188094
336,Eltzegor,,1976 - 1992,,"['Folka', 'Herri', 'kanta']",https://www.badok.eus/euskal-musika/eltzegor,Q12256775
338,eMe,"Haritz Harreguy soinu teknikariak, Ruben Caballero musikariak eta Nora Izagirrek osaturiko taldea da eMe.",2016,Usurbil (Gipuzkoa),['Pop-rocka'],https://www.badok.eus/euskal-musika/eme,Q61362098
339,Emon,,2007 - 2017,,"['Reggaea', 'Ska', 'Runba']",https://www.badok.eus/euskal-musika/emon,Q31723055
340,En Tol Sarmiento,,2005,Arabako Errioxa,['Ska-rocka'],https://www.badok.eus/euskal-musika/en-tol-sarmiento,Q12256819
342,Eñaut Elorrieta,"Kantugilea eta abeslaria da Eñaut Elorrieta. Lugarri taldean egin zituen lehen urratsak, eta gero gitarrarekin lagundu zion Mikel Urdangarini lehen bi diskoetan. Hala ere, Ken Zazpi taldeko abeslari gisa nabarmendu izan da urte askoan, eta bakarkako ibilbideari ekin zion 2013an. Bost disko kaleratu ditu ordutik.",1975,Gernika (Bizkaia),['Pop-rocka'],https://www.badok.eus/euskal-musika/enaut-elorrieta,Q3328435
343,Eñaut Zubizarreta,,1992,Aretxabaleta (Gipuzkoa),"['Rocka', 'Soinu-banda']",https://www.badok.eus/euskal-musika/enaut-zubizarreta,Q72402629
351,Enekora,"Eneko Larrañaga da Enekora. Formazioz gitarrista bada ere, Ttakunpa taldean perkusioa jotzen zuen, eta haren bidez iritsi zen Afrikako kultura eta kora ezagutzera (Afrika mendebaldeko harpa tradizionala da kora).  Tresnaren berezitasunak erakarrita, hura jotzen ikasi eta kantuak egiten hasi zen, Enekora proiektua sortu arte. Bi disko kaleratu ditu orain arte.",1982,Zestoa (Gipuzkoa),['Folka'],https://www.badok.eus/euskal-musika/enekora,Q45095115
352,Eneritz Furyak,"Hitz poetiko ilunkarak kantatzen dituen ahots berezi eta pertsonala da Eneritz Furyakena (Eneritz Dueso Domenech). Heterodoxoegia folk konbentzionaleko ikuspegi hertsiarentzat, popetik ez da urrunegi, baina punka da osagai ezinbestekoa bere kantuetan. Sortzeko modu sinpleagatik, kantuen trinkotasunagatik, bere kabuz eta eskura dituen tresna apurrekin produzitu nahiz grabatzeagatik.",1993,Irun (Gipuzkoa),"['Rocka', 'Post-folka']",https://www.badok.eus/euskal-musika/eneritz-furyak,Q83986484
353,Enkore,"Musikari belaunaldi berri bat ordezkatzen du Enkorek. Belaunaldi horrek lehen aldiz bizi du laurogeiko hamarkadan Kalifornian sortutako hardcorearen xarma melodikoa eta erritmoak. Bilboko laukoteak kantu zuzenak, erraz gogoratzen diren leloak eta kontu handiz txertatutako koruak aurkezten ditu. Gaztea irratiko maketa lehiaketa irabazi zuen 2011. urtean.",2009 - 2020,Bilbo,"['Hardcorea', 'Rocka']",https://www.badok.eus/euskal-musika/enkore,Q25474722
355,EraBatera,"EraBatera ia nahi gabe sorturiko taldea da. Gatibun baketak astintzen aritzeaz gain, kantu zirriborroak pilatzen joan da Gaizka Salazar azken urteotan. Etxean eta berak bakarrik landu ditu ideiak mimo handiz, biribilduz, estudio batean grabatzeko unea iritsi zela sentitu arte. Pauso horretarako, beste hiru musikari batu ziren proiektura: Mikel Caballero (Gatibu), Beñat Serna (Ken Zazpi) eta Jurgi Ekiza (Willis Drummond).",2018,Gernika (Bizkaia),"['Pop-rocka', 'Rocka']",https://www.badok.eus/euskal-musika/erabatera,Q61365749
356,Eraso!, 		@page { size: 21cm 29.7cm; margin: 2cm } 		P { margin-bottom: 0.21cm } 	,1996,Zarautz (Gipuzkoa),['Metala'],https://www.badok.eus/euskal-musika/eraso,Q5384985
358,Eratu,"2010. urtearen bukaeran Aitor Agirrek (bateria), Joseba Luzuriagak (baxua eta koruak) eta Unai Olaldek (gitarra eta ahotsa) Eratu sortu zuten. Ondarroa, Agurain eta Gasteizko musikari hauek horren aurretik Laia, Xasta, Sortuz, Tubokaspi
 proiektuetan parte hartu zuten, eta power-trio formatu honetan aukera aproposa aurkitu zuten maite dituzten estilo guztiak eta zabaldu nahi dituzten mezuak landu eta eta plazaratzeko. Eratuk asko du metaletik, rocketik eta baita pop edo zaindutako melodietatik. (Iker Barandiaran)",2010,,"['Metala', 'Rocka']",https://www.badok.eus/euskal-musika/eratu,Q31188142
359,Eraul,,1991,Donostia,"['Folka', 'Popa']",https://www.badok.eus/euskal-musika/eraul,Q61361507
361,Erlak,,1968 - 1973,Pasaia (Gipuzkoa),['Popa'],https://www.badok.eus/euskal-musika/erlak,Q12257042
362,Ero,,,Galdakao (Bizkaia),['Rocka'],https://www.badok.eus/euskal-musika/ero,Q31189077
363,Erokomeri,,,"Azpeitia, Usurbil, Lasarte-Oria (Gipuzkoa)","['Trikitia', 'Triki-popa']",https://www.badok.eus/euskal-musika/erokomeri,Q61069470
365,Erramun Martikorena,,1943,Baigorri (Nafarroa Beherea),"['Herri', 'kanta']",https://www.badok.eus/euskal-musika/erramun-martikorena,Q12257077
366,Erre,,1992,Bergara (Gipuzkoa),['[]'],https://www.badok.eus/euskal-musika/erre,Q1355807
368,Errime,,2015 - 2018,Azpeitia-Zarautz (Gipuzkoa),['Pop-rocka'],https://www.badok.eus/euskal-musika/errime,Q31187998
369,Errobi, 		@page { size: 21cm 29.7cm; margin: 2cm } 		P { margin-bottom: 0.21cm } 	,1974 - 1985,,['Folk-rocka'],https://www.badok.eus/euskal-musika/errobi,Q5809503
370,Erroma,,,Donostia,['Rocka'],https://www.badok.eus/euskal-musika/erroma,Q41847
372,Ertzak,,,Bergara (Gipuzkoa),"['Folka', 'Trikitia']",https://www.badok.eus/euskal-musika/ertzak,Q61365711
373,Esanezin,"Ianire Aranzabek (Altzagarate, 1999) 2019ko udan eman zituen bere lehen pausoak musika munduan Oriol Flores (Bartzelona, 1979) musikariarekin batera, freskotasuna eta esperientzia uztartuz. 2020ko apirilean ikusi zuten argia lehenengo bi abestiek, eta 2021eko maiatzean lehen EPa argitaratu zuen taldeak.",2020,Altzaga (Gipuzkoa),['Popa'],https://www.badok.eus/euskal-musika/esanezin,Q114363188
374,Eskean Kristö,,2011 - 2022,Arratia (Bizkaia),['Rock&rolla'],https://www.badok.eus/euskal-musika/eskean-kristo,Q20492977
375,Esne Beltza,,2007,Hernani (Gipuzkoa),"['Rocka', 'Reggaea', 'Ska']",https://www.badok.eus/euskal-musika/esne-beltza,Q3328238
379,Esti Markez,,1999,Aia (Gipuzkoa),['Popa'],https://www.badok.eus/euskal-musika/esti-markez,Q109331806
380,Estitxu,,1944 - 1993,Beskoitze (Lapurdi)-Bilbo,['Kantautorea'],https://www.badok.eus/euskal-musika/estitxu,Q12257307
381,Estitxu,,1987,Bera (Nafarroa),"['Popa', 'Soula']",https://www.badok.eus/euskal-musika/estitxu-1,Q12257307
384,Eten,,1998,Sestao (Bizkaia),"['Rocka', 'Esperimentala']",https://www.badok.eus/euskal-musika/eten,Q12257329
386,Etsaiak,,1987 - 2016,Lekeitio (Bizkaia),"['Hardcorea', 'Punka']",https://www.badok.eus/euskal-musika/etsaiak,Q12257343
388,Etxamendi eta Larralde,,1967 - 1993,Nafarroa Beherea,"['Herri', 'kanta']",https://www.badok.eus/euskal-musika/etxamendi-eta-larralde,Q12257354
389,Etxe,,1984,Berriz (Bizkaia),['Pop-rocka'],https://www.badok.eus/euskal-musika/etxe,Q58115885
390,Etxekalte,,2015,Bermeo (Bizkaia),['Rocka'],https://www.badok.eus/euskal-musika/etxekalte,Q12260639
393,Etzakit,,1995 - 2001,Hernani (Gipuzkoa),['Triki-popa'],https://www.badok.eus/euskal-musika/etzakit,Q8843705
400,Ezbaian,,,Ondarroa (Bizkaia),"['Punk-rocka', 'Rocka']",https://www.badok.eus/euskal-musika/ezbaian,Q81045810
402,Ezin Izan,"Donostiako Buenabixta Eskolan sortutako taldeetariko bat izan zen Ezin Izan. Gaizkiñe, La Perrera eta Barrakos bezalako taldeetan ibilitako jendearekin 90eko hamarkadaren hasieran sortu zen taldea eta garai horietan haize freskua ekarri zuen gure eszenara. Eskola zaharreko punk-hardcore eta punk melodikoaren arteko nahasketa lantzen zuen.",1993 - 2016,Donostia,"['Hardcorea', 'Punk-rocka']",https://www.badok.eus/euskal-musika/ezin-izan,Q12257709
403,Ezinean,,2001 - 2018,Azpeitia (Gipuzkoa),['Hardcorea'],https://www.badok.eus/euskal-musika/ezinean,Q5853812
408,Falta,,2016,Hazparne (Lapurdi),['Post-rocka'],https://www.badok.eus/euskal-musika/falta,Q61362305
411,Feline,,,,"['Rocka', 'Post-punka']",https://www.badok.eus/euskal-musika/feline,Q5441904
412,Fergusons,"Iñigo Hurtadok eta Kristof Saint Georges-ek (13ème Section, Skunk!, Laurel Aitken, Opium Du Peuple
) sortutako taldea da Fergusons. Lehen diskoa Euskal Herrian grabatu dute, betiko adiskideek lagundurik: Iñaki Plaa baterian (Skunk!, ODP, Smoke Deluxe) eta Mika Garcia gitarran (ODP, Smoke Deluxe). Frantsesez, euskaraz, gazteleraz eta ingelesez kantatzen dituzte beren abesti intimistak. Taldekideen hitzetan, “errukirik gabe bere haurrak erailtzen dituen mundu ero baten aurka bihotzetik jalgitzen den oihu bat da Fergusons”.",2015,Hendaia (Lapurdi),"['Punk-rocka', 'Rocka']",https://www.badok.eus/euskal-musika/fergusons,Q2578990
413,Fermin Muguruza,,1963,Irun (Gipuzkoa),"['Rocka', 'Reggaea', 'Ska', 'Elektronikoa']",https://www.badok.eus/euskal-musika/fermin-muguruza,Q1350622
414,Fermin Muguruza eta Dut,,,Irun (Gipuzkoa),"['Hardcorea', 'Rocka', 'Reggaea']",https://www.badok.eus/euskal-musika/fermin-muguruza-eta-dut,Q5858955
416,Fernando Unsain,,1945,Beasain (Gipuzkoa),['Kantautorea'],https://www.badok.eus/euskal-musika/fernando-unsain,Q119295544
417,Fetitxe,,2012,Arrigorriaga (Bizkaia),['Rocka'],https://www.badok.eus/euskal-musika/fetitxe,Q31189150
418,Fiachras,"Bizardunak folk-rock talde nafarraren ahaidetzat jo daiteke Fiachras. Taldekideetako bi (Haritz Artola eta Aitor Aldanondo) banda hartan ere aritu ziren, eta beste bizardun batek, Iñigo Cabezafuegok (Atom Rhumba), lagundu zien lehen diskoan. Brigada Criminal desegin ostean sortu zuten Artolak eta Aldanondok Fiachras, punk-rocka alde batera utzi eta Irlandara begira jarri ziren, hango folk malenkoniatsu eta garratza bere egiteko.",,,['Folk-rocka'],https://www.badok.eus/euskal-musika/fiachras,Q61363546
419,Fits,,1996,"Urretxu-Zumarraga, Bergara (Gipuzkoa)",['Rocka'],https://www.badok.eus/euskal-musika/fits,Q93354
420,Five Corners,,,Amurrio (Araba),['Rocka'],https://www.badok.eus/euskal-musika/five-corners,Q5486838
422,Fjord,"Urtebete inguru iraun zuen talde honek. Juan Sangre (Ekon, Governors), Keu Agirretxeak (Etsaiak), Mikel Arakistainek (Etsaiak) eta Iban Zugarramurdik (Baldin Bada, Su Ta Gar, Esne Beltza) sortu zuten epe luzerako proiektu gisa, baina lan egiteko modu eta erritmoari buruzko desadostasunek asmoa galarazi zuten. Nork bere taldean jorratu ezin zuen musika egiteko aukera eman zien Fjordek.",2004 - 2005,,['Rocka'],https://www.badok.eus/euskal-musika/fjord,Q981174
424,Flash,"Punk ufada bat, Gipuzkoako kostaldetik.",2022,,['Punka'],https://www.badok.eus/euskal-musika/flash,Q31683
426,Fly Shit,"Bergarako (Gipuzkoa) talde hau Euskal Herriko hardcore eszenaren beteranoenetakoa da. Hardcorea bizitzeko jarrera moduan ulertzen du taldeak, eta horrek eramaten du bere musikaren ekoizpen, komertzializazio eta zabalkundearen gaineko kontrol osoa izatera, taldeak berak dituen baliabideekin. 80ko hamarkadako hardcore taldeak ditu erreferente, baina diskoz disko jakin du bestelako influentziak bereganatzen.",1996,Bergara (Gipuzkoa),['Hardcorea'],https://www.badok.eus/euskal-musika/fly-shit,Q12257901
427,Folketan,,2010,Sestao (Bizkaia),['Folka'],https://www.badok.eus/euskal-musika/folketan,Q61362806
428,Four Friends,,1999,Bilbo,"['Bluesa', 'Jazza']",https://www.badok.eus/euskal-musika/four-friends,Q12257926
429,Fran Lasuen,,1959,Eibar (Gipuzkoa),['Folka'],https://www.badok.eus/euskal-musika/fran-lasuen,Q12257935
430,Frikun,,2015,Baiona,"['Reggaea', 'Afrobeata', 'Funka']",https://www.badok.eus/euskal-musika/frikun,Q61363047
431,Fufu,,2018,Irun (Gipuzkoa),"['Post-hardcorea', 'Rocka']",https://www.badok.eus/euskal-musika/fufu,Q558251
432,Fumut,,2010,Lazkao (Gipuzkoa),"['Hardcorea', 'Punk-rocka']",https://www.badok.eus/euskal-musika/fumut,Q61361436
436,Gabezia,,2012 - 2019,Lasarte-Oria (Gipuzkoa),['Metala'],https://www.badok.eus/euskal-musika/gabezia,Q31189062
437,Gadafiste Brothers & Sisters,,,Oztibarre (Nafarroa Beherea),['Punka'],https://www.badok.eus/euskal-musika/gadafiste-brothers-sisters,Q31188071
438,Gaizkiñe,,,Andoain (Gipuzkoa),['Hardcorea'],https://www.badok.eus/euskal-musika/gaizkine,Q12258102
440,Galea,,,Getxo (Bizkaia),['Metala'],https://www.badok.eus/euskal-musika/galea,Q21455124
442,Ganbara,,1982,,['Folka'],https://www.badok.eus/euskal-musika/ganbara,Q12258153
447,Gari,,1963,Legazpi (Gipuzkoa),['Rocka'],https://www.badok.eus/euskal-musika/gari,Q12258208
448,Garilak 26,,,,['Plaza'],https://www.badok.eus/euskal-musika/garilak-26,Q50321215
449,Garoa,,1979,Mutriku (Gipuzkoa),['Pop-rocka'],https://www.badok.eus/euskal-musika/garoa,Q106485897
451,Gatibu,,2002,Gernika (Bizkaia),['Rocka'],https://www.badok.eus/euskal-musika/gatibu,Q658188
452,Gatom,Iñigo Iriondo bermeotarraren rap proiektua da Gatom.,1990,Bermeo (Bizkaia),"['Rapa', 'Reggaea']",https://www.badok.eus/euskal-musika/gatom,Q30149753
453,Gatz,"Laukotea osatzen duten kideek hainbat urte daramate musika munduan murgilduta. Pater Noster, Eskandalo publiku, Sikofoni, Gominols, Sulfato, Ukabil, Drongeners eta beste hainbat taldetan jo dute, baina denak ere, Jonny Gerriwelt taldean aritutakoak dira.",2014,Ondarroa (Bizkaia),"['Punk-rocka', 'Rock&rolla']",https://www.badok.eus/euskal-musika/gatz,Q65927678
455,Gaur,,,,['Jazza'],https://www.badok.eus/euskal-musika/gaur,Q45870
456,Gaur Ez,,2006,Iruñea,"['Metala', 'Rocka']",https://www.badok.eus/euskal-musika/gaur-ez,Q61362684
457,Géra,,2018,Donostia,['Rocka'],https://www.badok.eus/euskal-musika/gera,Q314548
458,Gernika,,1976 - 1978,Gernika (Bizkaia),['Folk-rocka'],https://www.badok.eus/euskal-musika/gernika,Q3186448
459,Ghau,,1987,Donostia,['Popa'],https://www.badok.eus/euskal-musika/ghau,Q307365
460,Giante,,2016,Gasteiz,['Post-hardcorea'],https://www.badok.eus/euskal-musika/giante,Q159648
461,Gilda,"2019an Amagoia Aiestaran eta Anabel Toralen arteko harremanaren ondorioz sortutakoa taldea da. Hasiera batean intimitatean presiorik gabe abestiak sortzen joan, eta bakoitza bere instrumentuaren explorazioan ibili ziren, soinu pertsonal baten bila. 2020 urtearen bukaeran Maialen Aiestaran batu zen, taldea finkatu eta Gilda hirukotea sortu zen. 2021ean diskoaren grabaketari ekin eta “Egin albora” izeneko 8 abestiko bilduma kaleratu dute 2022ko apirilean.",2019,Beasain (Gipuzkoa),['Pop-rocka'],https://www.badok.eus/euskal-musika/gilda,Q447621
462,Ginger,,2021,Zarautz (Gipuzkoa),['Punka'],https://www.badok.eus/euskal-musika/ginger,Q3764504
463,Glaukoma,"Irun, Donostia eta Tolosako gazteez osatutako boskotea (bateria, baxua, bi gitarra eta ahotsa). Glaukoma rap-reggae talde bat da, bi estilo hauek inguratzen dituzten musika estilo beltz ezberdinetatik edaten duena. Roots-reggae gozoenetik jungle gogorrenera, raparen gordintasunetik eta raggamuffin melodikoenetik igarota.",2010,"Tolosa, Donostia","['Rapa', 'Reggaea']",https://www.badok.eus/euskal-musika/glaukoma,Q31189033
464,Goienetxe Anaiak,,2009,,"['Rapa', 'Elektronikoa']",https://www.badok.eus/euskal-musika/goienetxe-anaiak,Q31188479
465,Goliath,,1990,Armendaritze (Nafarroa Beherea),"['Folka', 'Post-rocka']",https://www.badok.eus/euskal-musika/goliath,Q314920
466,Gontzal Mendibil,"Xeberrirekin egin zituen Gontzal Mendibilek kantari moduan lehen urratsak, 70eko hamarkadan, baina ondoren bakarlari moduan egin du bidea. Bide emankorra. Hamar diskotik gora argitaratu ditu kantari bizkaitarrak, herri mugimenduari nahiz maitasunari eginiko kantuekin. Berak idatzi ditu kantatu dituen letra asko eta asko, baina euskal poeta garaikide askoren olerkiak ere musikatu ditu, eta Jose Maria Iparragirre eta Aita Arruperi eskainitako diskoak osatu ditu.",1956,Zeanuri (Bizkaia),"['Herri', 'kanta', 'Kantautorea']",https://www.badok.eus/euskal-musika/gontzal-mendibil,Q12258635
468,Gora Japon,"Jon Mantzisidor zumaiarrak eta Myriam Petralanda dimarrak osatzen dute Gora Japon, Bilbon finkaturiko taldea. Gitarra, perkusioa eta ahotsa dira taldearen oinarrizko tresnak, baina denborarekin teklatuak eta haize instrumentuak ere erabiltzen hasi da, eta pop kutsuko kantuak egitetik gero eta gehiago inprobisazioan oinarritzera jo du bikoteak. Horren erakusle da Gora Japonen bigarren diskoa, 2006tik 2011ra bitartean egindako grabazioen “argazki bilduma”.",2005,Bilbo,['Esperimentala'],https://www.badok.eus/euskal-musika/gora-japon,Q12258650
470,Gorka Knorr,"“Gitarra batek eta bertso batzuek ahoan, indar mediatiko handiagoa dute legebiltzarretako hitzaldiek eta eroaldi politikoek baino”. Hala uste du Gorka Knorrek. Politikaren eta musikaren artean erdibituta dauka bihotza kantari arabarrak. 70eko hamarkadan hasitako ibilbidean zortzi disko kaleratu ditu Knorrek, politikako lehen lerroko lana bigarrenera pasa den aldietan. Arabako kantu tradizionalak ezagutzera eman zituen lehen diskoetan.",1950,Tarragona (Herrialde Katalanak),['Kantautorea'],https://www.badok.eus/euskal-musika/gorka-knorr,Q3751706
472,Gorka Sarriegi,,1973,Hondarribia (Gipuzkoa),['Pop-rocka'],https://www.badok.eus/euskal-musika/gorka-sarriegi,Q5883645
476,Gorpuzkingz,,,Hondarribia (Gipuzkoa),['Rapa'],https://www.badok.eus/euskal-musika/gorpuzkingz,Q61365757
478,Gose,,2004 - 2016,Arrasate (Gipuzkoa),"['Popa', 'Trikitia', 'Elektronikoa']",https://www.badok.eus/euskal-musika/gose,Q7277998
479,Governors,,2006,Arrasate (Gipuzkoa),"['Metala', 'Rocka']",https://www.badok.eus/euskal-musika/governors,Q12258707
481,Gozategi,,1992,Orio (Gipuzkoa),['Triki-popa'],https://www.badok.eus/euskal-musika/gozategi,Q12258711
482,Gu ta Gutarrak,"Zazpi Eskaleren esperientzia onaren ondoren, Igor Elortza eta Unia Iturriaga bertsolariak eta Josu Zabala musikaria (Hertzainak) berriz elkartu ziren Gu ta Gutarrak egitasmoa sortzeko. Oraingoan ere bertsoa eta herri musika izan ziren ikuskizunaren ardatza, baina musika bertsora moldatu zuten. 2007ko otsailetik 2008ko ekaina bitartean aritu ziren saioak eskaintzen, eta emanaldi bakoitzak berezitasun bat zuen: tokiko lagun sortzaile bat gonbidatzen zuten taulara. Durangoko Plateruena kafe antzokian eskaini zuten azken emanaldia.",2006 - 2008,Durango (Bizkaia),"['Folka', 'Bertsoa']",https://www.badok.eus/euskal-musika/gora-gu-ta-gutarrak,Q31189053
483,Guda Dantza,,2012,Uribe Kosta (Bizkaia),"['Rocka', 'Reggaea', 'Ska']",https://www.badok.eus/euskal-musika/guda-dantza,Q31188027
484,Guk,,1972 - 1995,,"['Herri', 'kanta']",https://www.badok.eus/euskal-musika/guk,Q12258781
488,GZR,,2022,,['Punka'],https://www.badok.eus/euskal-musika/gzr,Q3093075
490,Habi,"2018ko azaroan sortu zen Habi, Yeray Gascon eta Jonander Artola musikari eta gerora taldekideen bideak gurutzatu zirenean. Geroztik, bi disko eta single bikoitz bat argitaratu dituzte; azken hori Etxekalte taldeko lagunekin batera. Guztiak Elkar estudioan grabatu dituzte, Victor Sanchez teknikari eta ingeniariaren gidaritzapean.",2018,Villabona (Gipuzkoa),['Rocka'],https://www.badok.eus/euskal-musika/habi,Q643348
491,Habia,,2020,"Lapurdi, Behe Nafarroa","['Herri', 'kanta', 'Klasikoa']",https://www.badok.eus/euskal-musika/habia,Q107576152
493,Haira,,,,['[]'],https://www.badok.eus/euskal-musika/haira,Q109247748
496,Haizea,"Euskal folk musika berriak 70eko hamarkadaren erdialdetik aurrera izandako loraldiaren lekuko nagusietakoa izan zen Haizea taldea. Oso ibilbide labur eta gorabeheratsuan beste inongo taldek baino hobeto islatu zituen garai hartako musika eta musikarien bertute, erronka eta ahuldadeak. Taldekideen artean Amaia Zubiria eta Txomin Artola zeuden.",1976 - 1980,,['Folka'],https://www.badok.eus/euskal-musika/haizea,Q5639799
497,Haizea Martiartu,Haizea Martiartu Garcia saxofoi jotzailea eta konpositorea da.,1991,,['Jazza'],https://www.badok.eus/euskal-musika/haizea-martiartu,Q104731952
499,Hamabi,,,Oiartzun (Gipuzkoa),['Rocka'],https://www.badok.eus/euskal-musika/hamabi,Q114572710
500,Hamar,,2022,,['[]'],https://www.badok.eus/euskal-musika/hamar,Q36591264
501,Han.,,2013,Elorrio (Bizkaia),['Rocka'],https://www.badok.eus/euskal-musika/han,Q7824
502,Hara!,,2016,Ondarroa (Bizkaia),['Rocka'],https://www.badok.eus/euskal-musika/hara,Q31189108
504,Harat,,2022,Bera (Nafarroa),['Rocka'],https://www.badok.eus/euskal-musika/harat,Q83235
505,Harlax,,,Lezo (Gipuzkoa),"['Metala', 'Rocka']",https://www.badok.eus/euskal-musika/harlax,Q61363906
506,Harresian Zulo,,2004,Gasteiz,"['Popa', 'Rocka', 'Runba']",https://www.badok.eus/euskal-musika/harresian-zulo,Q61364657
507,Harria,"Aitor Aldanondo musikariaren (Brigada Criminal, Fiachras, Bizardunak) proiektu berria da Harria. Lagun ditu Maitane Azkarate, Ekaitz Aranberri (Bidelapurrak) eta Guille Sanz (Belceblues).",2022,,['Rocka'],https://www.badok.eus/euskal-musika/harria,Q116764045
508,Harribitxi,"Iker Alvarez eta Aitor Urkiza dira Harribitxi, eta musika tradizionalaren klabeetan oinarritutako sormen berriko obrak eskaintzen dituzte. Orkestra gizonen antzera, beso eta hankak erabiliz, txistua eta silbotea, bonbete, ttun-ttun, pandereta, caxixi, kaxoi, shruti box indiarra, gitarra eta mandolina bezalako musika tresnak aldi berean uztartzen dituzte.",,,['Folka'],https://www.badok.eus/euskal-musika/harribitxi,Q115638821
509,Harrika,,2002,Pasaia (Gipuzkoa),['Rocka'],https://www.badok.eus/euskal-musika/harrika,Q12258909
510,Hartz,,2016,Azpeitia (Gipuzkoa),['Rocka'],https://www.badok.eus/euskal-musika/hartz,Q31189051
511,Hartzak Blues Band,,2013 - 2017,Enkarterri (Bizkaia),['Rock&rolla'],https://www.badok.eus/euskal-musika/hartzak-blues-band,Q61363533
512,Hatxe,Idoia Hernandez Toledo musikaria da Hatxe. Bere bakarkako lehen diskoan musika klasiko garaikideko doinuak jaso ditu pianoarekin.,1988,Oiartzun (Gipuzkoa),"['Esperimentala', 'Klasikoa']",https://www.badok.eus/euskal-musika/hatxe,Q104771722
514,Haustura,,2015,Lekeitio (Bizkaia),['Rocka'],https://www.badok.eus/euskal-musika/haustura,Q61362921
515,Haxotz,,2008,Bilbo,"['Hardcorea', 'Metala', 'Rocka']",https://www.badok.eus/euskal-musika/haxotz,Q31188031
517,Hedoi Etxarte,,1986,Iruñea,['[]'],https://www.badok.eus/euskal-musika/hedoi-etxarte,Q12258962
518,Hegazkin,"Alayn Carazo Iturriaga eta Iosu Isaias Villanueva Castro ‘Isuo’ musikariek osatzen dute taldea. Sintetizadoreak, gitarra elektrikoak eta ahotsa erabiliz, musika sendo bezain sentikorra jorratzen dute: popa, trip-hopa
 Sei kantuko diskoa argitaratu dute, ‘Haize beltzak’, Mukuru kolektiboaren zigilupean.",2021,Bergara (Gipuzkoa),['[]'],https://www.badok.eus/euskal-musika/hegazkin,Q114316100
520,Helde,,2005,,['Metala'],https://www.badok.eus/euskal-musika/helde,Q214117
521,Hemendik At!,,1997 - 2002,Iruñea,['Elektronikoa'],https://www.badok.eus/euskal-musika/hemendik-at,Q12259012
523,Herabe,,2013,Iruñerria,['Metala'],https://www.badok.eus/euskal-musika/herabe,Q61363654
525,Herra,,2016,Gasteiz,['Metala'],https://www.badok.eus/euskal-musika/herra,Q257351
526,Herri Oihua,,2011 - 2017,Barakaldo (Bizkaia),"['Metala', 'Rocka', 'Rapa']",https://www.badok.eus/euskal-musika/herri-oihua,Q31188180
527,Herrima,,2019,,"['Rapa', 'Reggaea']",https://www.badok.eus/euskal-musika/herrima,Q453440
531,Hezurbeltzak,"Hezurbeltzak proiektuak ibilbide luzeko eta nortasun eta izen handiko hiru artista bildu ditu eta bere zuzeneko emanaldietan musika gainditzen duen unibertso propioa sortzen da. Kantu eta testuetan besteak beste emigrazioa, gizarteko pertsonaia baztertuak eta horien inguruko istorioak plazaratzen dira, poetika, kritika, umorea eta edertasuna uztartuz eta atrezzo eta giro bakan baten baitan aurkeztuak.",2018,Urretxu-Zumarraga (Gipuzkoa),"['Folka', 'Herri', 'kanta']",https://www.badok.eus/euskal-musika/hezurbeltzak,Q61365716
532,Hi Exekutibo,,2013,Urretxu (Gipuzkoa),"['Popa', 'Rocka']",https://www.badok.eus/euskal-musika/hi-exekutibo,Q31187994
533,Hibai,,1980,Gernika (Bizkaia),"['Popa', 'Rocka']",https://www.badok.eus/euskal-musika/hibai,Q42101916
534,Hibai Rekondo,,1954,Caracas,['Kantautorea'],https://www.badok.eus/euskal-musika/hibai-rekondo,Q12259115
535,Hibakusha,"Tears from Hiroshima eta Kerasy desegin ostean Iruñerrian sortutako taldea da Hibokusha. Indusi Zubiat (gitarra), Ander Orduna (bateria), Iñaki Santos (gitarra), Iñaki Pulido (baxua) eta Silvia Guillen (ahotsa) dira oraingo taldekideak, eta metal musikaren barruan ahotsaren melodia landuak eta gitarra zorrotzak ezaugarri dituen joera berriari jarraitzen diote. Nafarroako Zona Arte Joven lehiaketa irabazi zuten 2013an, eta bi disko argitaratu dituzte jada.",2012,,['Metala'],https://www.badok.eus/euskal-musika/hibakusha,Q24861427
536,Hiena,,2014,Gasteiz,['Hard-rocka'],https://www.badok.eus/euskal-musika/hiena,Q2473134
537,Higa,,2019,Ordizia,['Rocka'],https://www.badok.eus/euskal-musika/higa,Q36676494
540,HILLE,"Jon Badi Bartzelonako North Waves Sound estudioko soinu teknikari, ekoizle eta gitarristaren proiektu pertsonala da HILLE.",,Ondarroa (Bizkaia),"['Metala', 'Thrasha']",https://www.badok.eus/euskal-musika/hille,Q21391173
542,Hipnosia, ,2021,Bizkaia,['Rocka'],https://www.badok.eus/euskal-musika/hipnosia,Q110589411
543,Hira,"Euskarazko heavy metalaren bigarren loraldiaren bultzatzaileetako bat izan zen Hira. Euskadi Gazteko maketa lehiaketako entzuleen saria irabaztearekin batera, jarraipena eta oihartzuna eman zioten Su Ta Garrek sortutako euskal heavyari. Lehen diskoarekin gazteen artean izandako erantzun ona ondo baliatu eta garaiko taldeetako bat bihurtu zen. Gerora beste lau disko kaleratu ditu eta hard-rock doinuetara jo du.",1998,Oiartzun (Gipuzkoa),"['Hard-rocka', 'Metala']",https://www.badok.eus/euskal-musika/hira,Q12259156
547,Hiru Truku,,1994 - 2005,,['Folka'],https://www.badok.eus/euskal-musika/hiru-truku,Q12259169
549,Hofe,,,,"['Rapa', 'Elektronikoa']",https://www.badok.eus/euskal-musika/hofe,Q3139052
551,Hor Konpon,,1988 - 1995,Oñati (Gipuzkoa),['Rocka'],https://www.badok.eus/euskal-musika/hor-konpon,Q101584169
552,Horma,,2018,Gasteiz,['[]'],https://www.badok.eus/euskal-musika/horma,Q110739795
554,Horzdun,"Sludge metal taldea da Horzdun. Aker Odol taldean ibilitako Gari Arroyok (bateria) eta Lur Irulegik (baxua) sortu dute, eta haiekin batera Xavier abeslariak (Osserp) eta Nestor Uranga gitarristak osatzen dute laukotea.",2017,Hondarribia (Gipuzkoa),['Metala'],https://www.badok.eus/euskal-musika/horzdun,Q61364609
555,Hostoak,,2015,Lezo (Gipuzkoa),"['Rocka', 'Progresiboa']",https://www.badok.eus/euskal-musika/hostoak,Q31189095
556,Hotzikara,,2008,Usurbil (Gipuzkoa),['Thrasha'],https://www.badok.eus/euskal-musika/hotzikara,Q31189025
559,Humus,,1997,Tolosa (Gipuzkoa),"['Hardcorea', 'Rocka']",https://www.badok.eus/euskal-musika/humus,Q61362731
560,Huntza,,,Gipuzkoa,['Triki-popa'],https://www.badok.eus/euskal-musika/huntza,Q31187975
